"Variável";"Localidade";"2014";"2015";"2016";"2017";"2018";"2019";"2020";"2021";"2022";"2023";"2024"
"Percentual da População Atendida com Água (%)";"Abadiânia";"...";"...";"...";"...";"...";"...";"...";"...";"...";"...";"..."
"Percentual da População Atendida com Água (%)";"Água Fria de Goiás";"...";"...";"...";"...";"...";"...";"...";"...";"...";"...";"..."
"Percentual da População Atendida com Água (%)";"Águas Lindas de Goiás";"...";"...";"...";"...";"...";"...";"...";"...";"...";"...";"..."
"Percentual da População Atendida com Água (%)";"Alexânia";"...";"...";"...";"...";"...";"...";"...";"...";"...";"...";"..."
"Percentual da População Atendida com Água (%)";"Alto Paraíso de Goiás";"...";"...";"...";"...";"...";"...";"...";"...";"...";"...";"..."
"Percentual da População Atendida com Água (%)";"Alvorada do Norte";"...";"...";"...";"...";"...";"...";"...";"...";"...";"...";"..."
"Percentual da População Atendida com Água (%)";"Barro Alto";"...";"...";"...";"...";"...";"...";"...";"...";"...";"...";"..."
"Percentual da População Atendida com Água (%)";"Cabeceiras";"...";"...";"...";"...";"...";"...";"...";"...";"...";"...";"..."
"Percentual da População Atendida com Água (%)";"Cavalcante";"...";"...";"...";"...";"...";"...";"...";"...";"...";"...";"..."
"Percentual da População Atendida com Água (%)";"Cidade Ocidental";"...";"...";"...";"...";"...";"...";"...";"...";"...";"...";"..."
"Percentual da População Atendida com Água (%)";"Cocalzinho de Goiás";"...";"...";"...";"...";"...";"...";"...";"...";"...";"...";"..."
"Percentual da População Atendida com Água (%)";"Corumbá de Goiás";"...";"...";"...";"...";"...";"...";"...";"...";"...";"...";"..."
"Percentual da População Atendida com Água (%)";"Cristalina";"...";"...";"...";"...";"...";"...";"...";"...";"...";"...";"..."
"Percentual da População Atendida com Água (%)";"Flores de Goiás";"...";"...";"...";"...";"...";"...";"...";"...";"...";"...";"..."
"Percentual da População Atendida com Água (%)";"Formosa";"...";"...";"...";"...";"...";"...";"...";"...";"...";"...";"..."
"Percentual da População Atendida com Água (%)";"Goianésia";"...";"...";"...";"...";"...";"...";"...";"...";"...";"...";"..."
"Percentual da População Atendida com Água (%)";"Luziânia";"...";"...";"...";"...";"...";"...";"...";"...";"...";"...";"..."
"Percentual da População Atendida com Água (%)";"Mimoso de Goiás";"...";"...";"...";"...";"...";"...";"...";"...";"...";"...";"..."
"Percentual da População Atendida com Água (%)";"Niquelândia";"...";"...";"...";"...";"...";"...";"...";"...";"...";"...";"..."
"Percentual da População Atendida com Água (%)";"Novo Gama";"...";"...";"...";"...";"...";"...";"...";"...";"...";"...";"..."
"Percentual da População Atendida com Água (%)";"Padre Bernardo";"...";"...";"...";"...";"...";"...";"...";"...";"...";"...";"..."
"Percentual da População Atendida com Água (%)";"Pirenópolis";"...";"...";"...";"...";"...";"...";"...";"...";"...";"...";"..."
"Percentual da População Atendida com Água (%)";"Planaltina";"...";"...";"...";"...";"...";"...";"...";"...";"...";"...";"..."
"Percentual da População Atendida com Água (%)";"Santo Antônio do Descoberto";"...";"...";"...";"...";"...";"...";"...";"...";"...";"...";"..."
"Percentual da População Atendida com Água (%)";"São João d’Aliança";"...";"...";"...";"...";"...";"...";"...";"...";"...";"...";"..."
"Percentual da População Atendida com Água (%)";"Simolândia";"...";"...";"...";"...";"...";"...";"...";"...";"...";"...";"..."
"Percentual da População Atendida com Água (%)";"Valparaíso de Goiás";"...";"...";"...";"...";"...";"...";"...";"...";"...";"...";"..."
"Percentual da População Atendida com Água (%)";"Vila Boa";"...";"...";"...";"...";"...";"...";"...";"...";"...";"...";"..."
"Percentual da População Atendida com Água (%)";"Vila Propício";"...";"...";"...";"...";"...";"...";"...";"...";"...";"...";"..."
"Percentual da População Atendida com Água (%)";"Abadia de Goiás";"100,00";"100,0";"100,0";"100,00";"100";"100";"100";"100";"98";"100";"100"
"Percentual da População Atendida com Água (%)";"Abadiânia";"[2]";"[2]";"[1]";"[1]";" [1] ";"[1]";"[1]";"[1]";"[1]";"[1]";"[1]"
"Percentual da População Atendida com Água (%)";"Acreúna";"88,80";"91,5";"93,9";"96,50";"95,8";"96,5";"96,6";"96,7";"97";"96,38";"96,46"
"Percentual da População Atendida com Água (%)";"Adelândia";"100,00";"100,0";"100,0";"100,00";"100";"100";"100";"100";"97";"100";"100"
"Percentual da População Atendida com Água (%)";"Água Fria de Goiás";"85,20";"85,3";"80,3";"80,70";"81,3";"81,2";"81,7";"81,8";"97";"81,54";"81,70"
"Percentual da População Atendida com Água (%)";"Água Limpa";"100,00";"100,0";"100,0";"100,00";"100";"100";"100";"100";"97";"100";"100"
"Percentual da População Atendida com Água (%)";"Águas Lindas de Goiás";"100,00";"100,0";"100,0";"100,00";"100";"100";"100";"100";"97";"100";"100"
"Percentual da População Atendida com Água (%)";"Alexânia";"100,00";"100,0";"100,0";"100,00";"100";"100";"100";"100";"97";"100";"100"
"Percentual da População Atendida com Água (%)";"Aloândia";"100,00";"100,0";"100,0";"100,00";"100";"100";"100";"100";"97";"100";"100"
"Percentual da População Atendida com Água (%)";"Alto Horizonte";"100,00";"100,0";"100,0";"100,00";"100";"100";"100";"100";"97";"100";"100"
"Percentual da População Atendida com Água (%)";"Alto Paraíso de Goiás";"94,20";"90,6";"100,0";"100,00";"100";"100";"100";"100";"97";"100";"100"
"Percentual da População Atendida com Água (%)";"Alvorada do Norte";"100,00";"100,0";"100,0";"100,00";"100";"100";"100";"100";"97";"100";"100"
"Percentual da População Atendida com Água (%)";"Amaralina";"100,00";"100,0";"100,0";"100,00";"100";"100";"100";"100";"97";"100";"100"
"Percentual da População Atendida com Água (%)";"Americano do Brasil";"100,00";"100,0";"100,0";"100,00";"100";"100";"100";"100";"97";"100";"100"
"Percentual da População Atendida com Água (%)";"Amorinópolis";"100,00";"100,0";"100,0";"100,00";"100";"100";"100";"100";"97";"100";"100"
"Percentual da População Atendida com Água (%)";"Anápolis";"99,70";"99,9";"99,5";"99,50";"99,5";"99,5";"99,5";"99,5";"97";"99,51";"100"
"Percentual da População Atendida com Água (%)";"Anhanguera";"100,00";"100,0";"100,0";"100,00";"100";"100";"100";"100";"97";"100";"100"
"Percentual da População Atendida com Água (%)";"Anicuns";"100,00";"100,0";"99,8";"99,80";"99,8";"99,8";"99,8";"99,9";"97";"99,95";"100"
"Percentual da População Atendida com Água (%)";"Aparecida de Goiânia";"70,10";"72,4";"75,4";"76,80";"77";"78,1";"79,9";"81,1";"97";"84,83";"86,36"
"Percentual da População Atendida com Água (%)";"Aparecida do Rio Doce";"100,00";"100,0";"100,0";"100,00";"100";"100";"100";"100";"97";"100";"100"
"Percentual da População Atendida com Água (%)";"Aporé";"100,00";"100,0";"100,0";"100,00";"100";"100";"100";"100";"97";"100";"100"
"Percentual da População Atendida com Água (%)";"Araçu";"100,00";"100,0";"100,0";"100,00";"100";"100";"100";"100";"97";"100";"100"
"Percentual da População Atendida com Água (%)";"Aragarças";"100,00";"100,0";"100,0";"100,00";"100";"100";"100";"100";"97";"100";"100"
"Percentual da População Atendida com Água (%)";"Aragoiânia";"100,00";"100,0";"100,0";"100,00";"100";"100";"100";"100";"97";"100";"100"
"Percentual da População Atendida com Água (%)";"Araguapaz";"100,00";"100,0";"100,0";"100,00";"100";"100";"100";"100";"97";"100";"100"
"Percentual da População Atendida com Água (%)";"Arenópolis";"100,00";"100,0";"100,0";"100,00";"100";"100";"100";"100";"97";"100";"100"
"Percentual da População Atendida com Água (%)";"Aruanã";"100,00";"100,0";"100,0";"100,00";"100";"100";"100";"100";"97";"100";"100"
"Percentual da População Atendida com Água (%)";"Aurilândia";"100,00";"100,0";"100,0";"100,00";"100";"100";"100";"100";"97";"100";"100"
"Percentual da População Atendida com Água (%)";"Avelinópolis";"97,70";"98,3";"98,6";"98,60";"98,9";"99";"99,1";"99,1";"97";"99,2";"99,20"
"Percentual da População Atendida com Água (%)";"Baliza";"100,00";"100,0";"100,0";"100,00";"100";"100";"100";"100";"97";"100";"100"
"Percentual da População Atendida com Água (%)";"Barro Alto";"100,00";"100,0";"100,0";"100,00";"100";"100";"100";"100";"97";"100";"100"
"Percentual da População Atendida com Água (%)";"Bela Vista de Goiás";"98,50";"98,6";"98,6";"98,60";"98,6";"98,6";"98,6";"98,6";"97";"98,52";"98,52"
"Percentual da População Atendida com Água (%)";"Bom Jardim de Goiás";"100,00";"100,0";"100,0";"100,00";"100";"100";"100";"100";"97";"100";"100"
"Percentual da População Atendida com Água (%)";"Bom Jesus de Goiás";"90,40";"91,5";"100,0";"100,00";"97,9";"98,5";"98,9";"100";"97";"98,99";"98,18"
"Percentual da População Atendida com Água (%)";"Bonfinópolis";"100,00";"100,0";"100,0";"100,00";"100";"100";"100";"100";"97";"100";"100"
"Percentual da População Atendida com Água (%)";"Bonópolis";"100,00";"100,0";"100,0";"100,00";"100";"100";"100";"100";"97";"100";"100"
"Percentual da População Atendida com Água (%)";"Brazabrantes";"93,20";"92,8";"92,7";"92,90";"93,6";"94";"94,1";"94,2";"97";"94,41";"94,32"
"Percentual da População Atendida com Água (%)";"Britânia";"100,00";"100,0";"100,0";"100,00";"100";"100";"100";"100";"97";"100";"100"
"Percentual da População Atendida com Água (%)";"Buriti Alegre";"99,10";"99,2";"99,2";"99,30";"99,2";"99,3";"99,3";"99,4";"[1]";"[1]";"[1]"
"Percentual da População Atendida com Água (%)";"Buriti de Goiás";"93,40";"94,7";"95,7";"96,60";"97,4";"97,4";"97,7";"98,3";"98";"98,02";"98,02"
"Percentual da População Atendida com Água (%)";"Buritinópolis";"100,00";"100,0";"100,0";"100,00";"100";"100";"100";"100";"98";"100";"100"
"Percentual da População Atendida com Água (%)";"Cabeceiras";"97,10";"97,0";"97,2";"97,30";"97,2";"97,4";"97,6";"97,6";"98";"97,72";"97,70"
"Percentual da População Atendida com Água (%)";"Cachoeira Alta";"100,00";"100,0";"100,0";"100,00";"100";"100";"100";"100";"98";"100";"100"
"Percentual da População Atendida com Água (%)";"Cachoeira de Goiás";"[1]";"[1]";"[1]";"[1]";" [1] ";"[1]";"[1]";"[1]";"[1]";"[1]";"[1]"
"Percentual da População Atendida com Água (%)";"Cachoeira Dourada";"100,00";"100,0";"100,0";"100,00";"100";"100";"100";"100";"100";"100";"100"
"Percentual da População Atendida com Água (%)";"Caçu";"99,70";"100,0";"100,0";"100,00";"100";"100";"100";"100";"100";"100";"100"
"Percentual da População Atendida com Água (%)";"Caiapônia";"96,90";"96,9";"96,7";"96,80";"96,8";"96,8";"97";"97,1";"100";"97,15";"97,13"
"Percentual da População Atendida com Água (%)";"Caldas Novas";"[1]";"[1]";"[1]";"[1]";" [1] ";"[1]";"[1]";"[1]";"[1]";"[1]";"[1]"
"Percentual da População Atendida com Água (%)";"Caldazinha";"100,00";"100,0";"100,0";"100,00";"100";"100";"100";"100";"100";"100";"100"
"Percentual da População Atendida com Água (%)";"Campestre de Goiás";"100,00";"100,0";"100,0";"100,00";"100";"100";"100";"100";"100";"100";"100"
"Percentual da População Atendida com Água (%)";"Campinaçu";"100,00";"100,0";"100,0";"100,00";"100";"100";"100";"100";"100";"100";"100"
"Percentual da População Atendida com Água (%)";"Campinorte";"100,00";"100,0";"100,0";"100,00";"100";"100";"100";"100";"100";"100";"100"
"Percentual da População Atendida com Água (%)";"Campo Alegre de Goiás";"100,00";"100,0";"100,0";"100,00";"100";"100";"100";"100";"100";"100";"100"
"Percentual da População Atendida com Água (%)";"Campo Limpo de Goiás";"100,00";"100,0";"100,0";"100,00";"100";"100";"100";"100";"100";"100";"100"
"Percentual da População Atendida com Água (%)";"Campos Belos";"100,00";"100,0";"100,0";"100,00";"100";"100";"100";"100";"100";"100";"100"
"Percentual da População Atendida com Água (%)";"Campos Verdes";"100,00";"100,0";"100,0";"100,00";"100";"100";"100";"100";"100";"100";"100"
"Percentual da População Atendida com Água (%)";"Carmo do Rio Verde";"100,00";"100,0";"100,0";"100,00";"100";"100";"100";"100";"100";"100";"100"
"Percentual da População Atendida com Água (%)";"Castelândia";"100,00";"100,0";"100,0";"100,00";"100";"100";"100";"100";"100";"100";"100"
"Percentual da População Atendida com Água (%)";"Catalão";"[1]";"[1]";"[1]";"[1]";" [1] ";"[1]";"[1]";"[1]";"[1]";"[1]";"[1]"
"Percentual da População Atendida com Água (%)";"Caturaí";"100,00";"100,0";"100,0";"100,00";"100";"100";"100";"100";"100";"100";"100"
"Percentual da População Atendida com Água (%)";"Cavalcante";"100,00";"100,0";"100,0";"100,00";"100";"100";"100";"100";"100";"100";"100"
"Percentual da População Atendida com Água (%)";"Ceres";"100,00";"100,0";"100,0";"100,00";"100";"100";"100";"100";"100";"100";"100"
"Percentual da População Atendida com Água (%)";"Cezarina";"99,70";"99,9";"100,0";"100,00";"100";"100";"100";"100";"100";"100";"100"
"Percentual da População Atendida com Água (%)";"Chapadão do Céu";"[1]";"[1]";"[1]";"[1]";" [1] ";"[1]";"[1]";"[1]";"[1]";"[1]";"[1]"
"Percentual da População Atendida com Água (%)";"Cidade Ocidental";"100,00";"100,0";"100,0";"100,00";"100";"100";"100";"100";"100";"100";"100"
"Percentual da População Atendida com Água (%)";"Cocalzinho de Goiás";"100,00";"100,0";"100,0";"96,70";"97,1";"97,5";"97,3";"97,4";"100";"97,12";"96,81"
"Percentual da População Atendida com Água (%)";"Colinas do Sul";"0,00";"[1]";"[1]";"[1]";" [1] ";"[1]";"[1]";"[1]";"[1]";"[1]";"[1]"
"Percentual da População Atendida com Água (%)";"Córrego do Ouro";"100,00";"100,0";"100,0";"100,00";"100";"100";"100";"100";"100";"100";"100"
"Percentual da População Atendida com Água (%)";"Corumbá de Goiás";"[1]";"[1]";"[1]";"[1]";" [1] ";"[1]";"[1]";"[1]";"[1]";"[1]";"[1]"
"Percentual da População Atendida com Água (%)";"Corumbaíba";"100,00";"100,0";"100,0";"100,00";"100";"100";"100";"100";"100";"100";"100"
"Percentual da População Atendida com Água (%)";"Cristalina";"81,80";"83,5";"86,3";"89,60";"90";"91,5";"91,9";"92,4";"100";"94,19";"95,08"
"Percentual da População Atendida com Água (%)";"Cristianópolis";"100,00";"100,0";"100,0";"100,00";"100";"100";"100";"100";"100";"100";"100"
"Percentual da População Atendida com Água (%)";"Crixás";"82,40";"82,8";"95,0";"96,70";"98,2";"98,5";"99,6";"100";"100";"100";"100"
"Percentual da População Atendida com Água (%)";"Cromínia";"100,00";"100,0";"100,0";"100,00";"100";"100";"100";"100";"100";"100";"100"
"Percentual da População Atendida com Água (%)";"Cumari";"100,00";"100,0";"100,0";"100,00";"100";"100";"100";"100";"100";"100";"100"
"Percentual da População Atendida com Água (%)";"Damianópolis";"100,00";"100,0";"100,0";"100,00";"100";"100";"100";"100";"100";"100";"100"
"Percentual da População Atendida com Água (%)";"Damolândia";"100,00";"100,0";"100,0";"100,00";"100";"100";"100";"100";"100";"100";"100"
"Percentual da População Atendida com Água (%)";"Davinópolis";"100,00";"100,0";"100,0";"100,00";"100";"100";"100";"100";"100";"100";"100"
"Percentual da População Atendida com Água (%)";"Diorama";"100,00";"100,0";"100,0";"100,00";"100";"100";"100";"100";"100";"100";"100"
"Percentual da População Atendida com Água (%)";"Divinópolis de Goiás";"100,00";"100,0";"100,0";"100,00";"100";"100";"100";"100";"100";"100";"100"
"Percentual da População Atendida com Água (%)";"Doverlândia";"100,00";"100,0";"100,0";"100,00";"100";"100";"100";"100";"100";"100";"100"
"Percentual da População Atendida com Água (%)";"Edealina";"100,00";"100,0";"100,0";"100,00";"100";"100";"100";"100";"100";"100";"100"
"Percentual da População Atendida com Água (%)";"Edéia";"100,00";"100,0";"100,0";"100,00";"100";"100";"100";"100";"100";"100";"100"
"Percentual da População Atendida com Água (%)";"Estrela do Norte";"100,00";"100,0";"100,0";"100,00";"100";"100";"100";"100";"100";"100";"100"
"Percentual da População Atendida com Água (%)";"Faina";"[1]";"[1]";"[1]";"[1]";" [1] ";"[1]";"[1]";"[1]";"100";"[1]";"[1]"
"Percentual da População Atendida com Água (%)";"Fazenda Nova";"100,00";"100,0";"100,0";"100,00";"100";"100";"100";"100";"100";"100";"100"
"Percentual da População Atendida com Água (%)";"Firminópolis";"98,70";"95,9";"98,9";"98,90";"98,9";"98,9";"98,7";"98,7";"100";"98,65";"98,60"
"Percentual da População Atendida com Água (%)";"Flores de Goiás";"94,50";"95,1";"93,9";"93,10";"92,5";"91,3";"90,4";"89,2";"100";"83,79";"82,25"
"Percentual da População Atendida com Água (%)";"Formosa";"100,00";"100,0";"100,0";"100,00";"100";"100";"100";"100";"100";"100";"100"
"Percentual da População Atendida com Água (%)";"Formoso";"100,00";"100,0";"100,0";"100,00";"100";"100";"100";"100";"100";"100";"100"
"Percentual da População Atendida com Água (%)";"Gameleira de Goiás";"100,00";"100,0";"100,0";"100,00";"100";"100";"100";"100";"100";"100";"100"
"Percentual da População Atendida com Água (%)";"Goianápolis";"100,00";"100,0";"100,0";"100,00";"100";"100";"100";"100";"100";"100";"100"
"Percentual da População Atendida com Água (%)";"Goiandira";"100,00";"100,0";"100,0";"100,00";"100";"100";"100";"100";"100";"100";"100"
"Percentual da População Atendida com Água (%)";"Goianésia";"85,90";"88,1";"92,1";"94,80";"97,8";"97,8";"97,7";"97,8";"100";"97,8";"97,81"
"Percentual da População Atendida com Água (%)";"Goiânia";"100,00";"100,0";"100,0";"100,00";"100";"100";"100";"100";"100";"100";"100"
"Percentual da População Atendida com Água (%)";"Goianira";"98,30";"100,0";"100,0";"100,00";"100";"100";"100";"100";"100";"100";"100"
"Percentual da População Atendida com Água (%)";"Goiás";"100,00";"100,0";"100,0";"100,00";"100";"100";"99,5";"99,6";"100";"99,63";"100"
"Percentual da População Atendida com Água (%)";"Goiatuba";"97,50";"99,3";"99,8";"99,80";"99,9";"0";"99,9";"99,9";"100";"99,95";"100"
"Percentual da População Atendida com Água (%)";"Gouvelândia";"87,70";"87,2";"87,5";"87,40";"89";"88,3";"87,8";"88,7";"100";"87,98";"88,47"
"Percentual da População Atendida com Água (%)";"Guapó";"100,00";"100,0";"100,0";"100,00";"100";"100";"100";"100";"100";"100";"100"
"Percentual da População Atendida com Água (%)";"Guaraíta";"100,00";"100,0";"100,0";"100,00";"100";"100";"100";"100";"100";"100";"100"
"Percentual da População Atendida com Água (%)";"Guarani de Goiás";"100,00";"100,0";"100,0";"100,00";"100";"100";"100";"100";"100";"100";"100"
"Percentual da População Atendida com Água (%)";"Guarinos";"[1]";"[1]";"[1]";"[1]";" [1] ";"[1]";"[1]";"[1]";"100";"[1]";"0"
"Percentual da População Atendida com Água (%)";"Heitoraí";"100,00";"100,0";"100,0";"100,00";"100";"100";"100";"100";"100";"100";"100"
"Percentual da População Atendida com Água (%)";"Hidrolândia";"84,00";"84,0";"84,2";"84,30";"84,3";"84,3";"84,3";"84,4";"100";"84,53";"84,49"
"Percentual da População Atendida com Água (%)";"Hidrolina";"100,00";"100,0";"100,0";"100,00";"100";"100";"100";"100";"100";"100";"100"
"Percentual da População Atendida com Água (%)";"Iaciara";"100,00";"100,0";"100,0";"100,00";"100";"100";"100";"100";"100";"100";"100"
"Percentual da População Atendida com Água (%)";"Inaciolândia";"95,40";"98,3";"100,0";"100,00";"100";"100";"100";"100";"100";"100";"100"
"Percentual da População Atendida com Água (%)";"Indiara";"99,90";"99,9";"100,0";"99,90";"100";"0";"100";"100";"100";"100";"100"
"Percentual da População Atendida com Água (%)";"Inhumas";"99,40";"100,0";"100,0";"100,00";"100";"0";"100";"100";"100";"100";"100"
"Percentual da População Atendida com Água (%)";"Ipameri";"100,00";"100,0";"100,0";"100,00";"100";"100";"100";"100";"100";"[1]";"[1]"
"Percentual da População Atendida com Água (%)";"Ipiranga de Goiás";"99,20";"99,8";"100,0";"100,00";"100";"100";"100";"100";"100";"100";"100"
"Percentual da População Atendida com Água (%)";"Iporá";"100,00";"100,0";"100,0";"100,00";"100";"100";"100";"100";"100";"100";"100"
"Percentual da População Atendida com Água (%)";"Israelândia";"100,00";"100,0";"100,0";"100,00";"100";"100";"100";"100";"100";"100";"100"
"Percentual da População Atendida com Água (%)";"Itaberaí";"100,00";"100,0";"100,0";"100,00";"100";"100";"100";"100";"100";"100";"100"
"Percentual da População Atendida com Água (%)";"Itaguari";"100,00";"100,0";"100,0";"100,00";"100";"0";"100";"100";"100";"100";"100"
"Percentual da População Atendida com Água (%)";"Itaguaru";"100,00";"100,0";"100,0";"100,00";"100";"0";"100";"100";"100";"100";"100"
"Percentual da População Atendida com Água (%)";"Itajá";"100,00";"100,0";"100,0";"100,00";"100";"100";"100";"100";"100";"100";"100"
"Percentual da População Atendida com Água (%)";"Itapaci";"79,60";"80,6";"82,6";"95,20";"95,7";"96,6";"98,3";"100";"100";"100";"100"
"Percentual da População Atendida com Água (%)";"Itapirapuã";"100,00";"100,0";"100,0";"100,00";"100";"100";"100";"100";"100";"100";"100"
"Percentual da População Atendida com Água (%)";"Itapuranga";"100,00";"100,0";"100,0";"100,00";"100";"100";"100";"100";"100";"100";"100"
"Percentual da População Atendida com Água (%)";"Itarumã";"100,00";"100,0";"100,0";"100,00";"100";"100";"100";"100";"100";"100";"100"
"Percentual da População Atendida com Água (%)";"Itauçu";"98,80";"98,7";"99,0";"99,40";"99,7";"99,7";"99,8";"99,9";"100";"99,95";"100"
"Percentual da População Atendida com Água (%)";"Itumbiara";"97,50";"98,5";"100,0";"100,00";"100";"100";"100";"100";"100";"100";"100"
"Percentual da População Atendida com Água (%)";"Ivolândia";"91,30";"94,1";"100,0";"100,00";"100";"100";"100";"100";"100";"100";"100"
"Percentual da População Atendida com Água (%)";"Jandaia";"100,00";"100,0";"100,0";"100,00";"100";"100";"100";"100";"100";"100";"100"
"Percentual da População Atendida com Água (%)";"Jaraguá";"95,50";"96,3";"94,4";"94,50";"94,6";"94,6";"94,6";"94,7";"100";"94,59";"94,57"
"Percentual da População Atendida com Água (%)";"Jataí";"99,40";"99,5";"99,5";"99,50";"99,5";"99,5";"99,5";"99,5";"100";"99,57";"100"
"Percentual da População Atendida com Água (%)";"Jaupaci";"100,00";"100,0";"100,0";"100,00";"100";"100";"100";"100";"100";"100";"100"
"Percentual da População Atendida com Água (%)";"Jesúpolis";"100,00";"100,0";"100,0";"100,00";"100";"100";"100";"100";"100";"100";"100"
"Percentual da População Atendida com Água (%)";"Joviânia";"100,00";"100,0";"100,0";"100,00";"100";"100";"100";"100";"100";"100";"100"
"Percentual da População Atendida com Água (%)";"Jussara";"100,00";"100,0";"100,0";"100,00";"100";"100";"100";"100";"100";"100";"100"
"Percentual da População Atendida com Água (%)";"Lagoa Santa";"100,00";"100,0";"100,0";"100,00";"100";"100";"100";"100";"100";"100";"100"
"Percentual da População Atendida com Água (%)";"Leopoldo de Bulhões";"100,00";"100,0";"100,0";"100,00";"100";"100";"100";"100";"100";"[1]";"[1]"
"Percentual da População Atendida com Água (%)";"Luziânia";"82,10";"87,6";"87,4";"89,60";"91,9";"94";"96,7";"100";"100";"100";"100"
"Percentual da População Atendida com Água (%)";"Mairipotaba";"100,00";"100,0";"100,0";"100,00";"100";"100";"100";"100";"100";"100";"100"
"Percentual da População Atendida com Água (%)";"Mambaí";"100,00";"100,0";"100,0";"100,00";"100";"100";"100";"100";"100";"100";"100"
"Percentual da População Atendida com Água (%)";"Mara Rosa";"100,00";"100,0";"100,0";"100,00";"100";"100";"100";"100";"100";"100";"100"
"Percentual da População Atendida com Água (%)";"Marzagão";"100,00";"100,0";"100,0";"100,00";"100";"100";"100";"100";"100";"100";"100"
"Percentual da População Atendida com Água (%)";"Matrinchã";"[1]";"[1]";"[1]";"[1]";" [1] ";"[1]";"[1]";"[1]";"100";"[1]";"[1]"
"Percentual da População Atendida com Água (%)";"Maurilândia";"98,80";"97,5";"97,2";"96,50";"95,2";"92,9";"91,6";"90,7";"100";"87,37";"85,74"
"Percentual da População Atendida com Água (%)";"Mimoso de Goiás";"100,00";"100,0";"100,0";"100,00";"100";"100";"100";"100";"100";"100";"100"
"Percentual da População Atendida com Água (%)";"Minaçu";"97,30";"96,9";"99,8";"99,90";"99,9";"99,9";"99,8";"99,9";"100";"99,92";"100"
"Percentual da População Atendida com Água (%)";"Mineiros";"[1]";"[1]";"[1]";"[1]";" -   ";"[1]";"[1]";"[1]";"100";"[1]";"[1]"
"Percentual da População Atendida com Água (%)";"Moiporá";"100,00";"100,0";"100,0";"100,00";"100";"100";"100";"100";"100";"100";"100"
"Percentual da População Atendida com Água (%)";"Monte Alegre de Goiás";"100,00";"100,0";"100,0";"100,00";"100";"100";"100";"100";"100";"100";"100"
"Percentual da População Atendida com Água (%)";"Montes Claros de Goiás";"89,80";"94,9";"100,0";"100,00";"100";"100";"100";"100";"100";"100";"100"
"Percentual da População Atendida com Água (%)";"Montividiu";"100,00";"100,0";"100,0";"100,00";"100";"100";"100";"100";"100";"100";"100"
"Percentual da População Atendida com Água (%)";"Montividiu do Norte";"87,30";"86,8";"90,0";"90,10";"89,7";"89,8";"89,5";"89,6";"100";"89,84";"89,83"
"Percentual da População Atendida com Água (%)";"Morrinhos";"99,00";"99,0";"99,0";"99,00";"99";"99";"99";"99";"100";"99,06";"99,04"
"Percentual da População Atendida com Água (%)";"Morro Agudo de Goiás";"100,00";"100,0";"100,0";"100,00";"100";"100";"100";"100";"100";"100";"100"
"Percentual da População Atendida com Água (%)";"Mossâmedes";"[1]";"[1]";"[1]";"[1]";" [1] ";"[1]";"[1]";"[1]";"100";"[1]";"[1]"
"Percentual da População Atendida com Água (%)";"Mozarlândia";"81,40";"81,0";"81,4";"81,40";"79,4";"78,4";"77,9";"77,6";"100";"77,56";"77,71"
"Percentual da População Atendida com Água (%)";"Mundo Novo";"100,00";"100,0";"100,0";"100,00";"100";"100";"100";"100";"100";"100";"100"
"Percentual da População Atendida com Água (%)";"Mutunópolis";"100,00";"100,0";"100,0";"100,00";"100";"100";"100";"100";"100";"100";"100"
"Percentual da População Atendida com Água (%)";"Nazário";"96,20";"96,3";"96,8";"96,60";"96,4";"96,3";"96";"95,9";"100";"95,42";"95,05"
"Percentual da População Atendida com Água (%)";"Nerópolis";"96,00";"96,4";"96,3";"96,60";"96,6";"96,1";"95,7";"95,6";"100";"94,75";"93,98"
"Percentual da População Atendida com Água (%)";"Niquelândia";"89,20";"90,2";"100,0";"100,00";"100";"99,5";"99,2";"97,9";"100";"97,83";"98,13"
"Percentual da População Atendida com Água (%)";"Nova América";"100,00";"100,0";"100,0";"100,00";"100";"100";"100";"100";"100";"100";"100"
"Percentual da População Atendida com Água (%)";"Nova Aurora";"100,00";"100,0";"100,0";"100,00";"100";"100";"100";"100";"100";"100";"100"
"Percentual da População Atendida com Água (%)";"Nova Crixás";"89,80";"83,9";"100,0";"100,00";"100";"100";"100";"100";"100";"100";"100"
"Percentual da População Atendida com Água (%)";"Nova Glória";"85,70";"85,7";"85,7";"85,70";"85,7";"85,7";"85,7";"100";"100";"99,98";"100"
"Percentual da População Atendida com Água (%)";"Nova Iguaçu de Goiás";"100,00";"100,0";"100,0";"100,00";"100";"100";"100";"100";"100";"100";"100"
"Percentual da População Atendida com Água (%)";"Nova Roma";"[1]";"[1]";"[1]";"[1]";" [1] ";"[1]";"[1]";"[1]";"100";"[1]";"[1]"
"Percentual da População Atendida com Água (%)";"Nova Veneza";"94,10";"96,7";"100,0";"100,00";"100";"100";"100";"100";"100";"100";"100"
"Percentual da População Atendida com Água (%)";"Novo Brasil";"99,20";"100,0";"100,0";"100,00";"100";"100";"100";"100";"100";"100";"100"
"Percentual da População Atendida com Água (%)";"Novo Gama";"96,50";"97,5";"97,8";"97,50";"97,3";"97,6";"98,6";"99,8";"100";"100";"100"
"Percentual da População Atendida com Água (%)";"Novo Planalto";"100,00";"100,0";"100,0";"100,00";"100";"100";"100";"100";"100";"100";"100"
"Percentual da População Atendida com Água (%)";"Orizona";"100,00";"100,0";"100,0";"100,00";"100";"100";"100";"100";"100";"100";"100"
"Percentual da População Atendida com Água (%)";"Ouro Verde de Goiás";"100,00";"100,0";"100,0";"100,00";"100";"100";"100";"100";"100";"100";"100"
"Percentual da População Atendida com Água (%)";"Ouvidor";"100,00";"100,0";"100,0";"100,00";"100";"100";"100";"100";"100";"100";"100"
"Percentual da População Atendida com Água (%)";"Padre Bernardo";"100,00";"100,0";"100,0";"100,00";"100";"100";"100";"99,7";"100";"100";"100"
"Percentual da População Atendida com Água (%)";"Palestina de Goiás";"100,00";"100,0";"100,0";"100,00";"100";"100";"100";"100";"100";"100";"100"
"Percentual da População Atendida com Água (%)";"Palmeiras de Goiás";"90,80";"97,3";"100,0";"100,00";"100";"100";"100";"100";"100";"100";"100"
"Percentual da População Atendida com Água (%)";"Palmelo";"100,00";"100,0";"100,0";"100,00";"100";"100";"100";"100";"100";"100";"100"
"Percentual da População Atendida com Água (%)";"Palminópolis";"100,00";"100,0";"100,0";"100,00";"100";"100";"100";"100";"100";"100";"100"
"Percentual da População Atendida com Água (%)";"Panamá";"[1]";"[1]";"[1]";"[1]";" [1] ";"[1]";"[1]";"[1]";"100";"[1]";"[1]"
"Percentual da População Atendida com Água (%)";"Paranaiguara";"[1]";"[1]";"[1]";"[1]";" [1] ";"[1]";"[1]";"[1]";"100";"[1]";"[1]"
"Percentual da População Atendida com Água (%)";"Paraúna";"100,00";"100,0";"100,0";"100,00";"100";"100";"100";"100";"100";"100";"100"
"Percentual da População Atendida com Água (%)";"Perolândia";"100,00";"100,0";"100,0";"100,00";"100";"100";"100";"100";"100";"100";"100"
"Percentual da População Atendida com Água (%)";"Petrolina de Goiás";"100,00";"100,0";"100,0";"100,00";"100";"100";"100";"100";"100";"100";"100"
"Percentual da População Atendida com Água (%)";"Pilar de Goiás";"100,00";"100,0";"100,0";"100,00";"100";"100";"100";"100";"100";"100";"100"
"Percentual da População Atendida com Água (%)";"Piracanjuba";"99,40";"99,5";"99,8";"99,90";"99,9";"100";"100";"100";"100";"100";"100"
"Percentual da População Atendida com Água (%)";"Piranhas";"100,00";"100,0";"100,0";"100,00";"100";"100";"100";"100";"100";"100";"100"
"Percentual da População Atendida com Água (%)";"Pirenópolis";"100,00";"100,0";"99,3";"99,30";"99,2";"99,3";"99,2";"99,3";"100";"99,21";"99,06"
"Percentual da População Atendida com Água (%)";"Pires do Rio";"100,00";"100,0";"100,0";"100,00";"100";"100";"100";"100";"100";"100";"100"
"Percentual da População Atendida com Água (%)";"Planaltina";"100,00";"100,0";"100,0";"100,00";"100";"100";"100";"100";"100";"100";"100"
"Percentual da População Atendida com Água (%)";"Pontalina";"100,00";"100,0";"100,0";"100,00";"100";"100";"100";"100";"100";"100";"100"
"Percentual da População Atendida com Água (%)";"Porangatu";"99,70";"99,7";"99,7";"99,70";"99,7";"99,7";"99,7";"99,8";"100";"99,78";"100"
"Percentual da População Atendida com Água (%)";"Porteirão";"100,00";"100,0";"100,0";"100,00";"100";"100";"100";"100";"100";"100";"100"
"Percentual da População Atendida com Água (%)";"Portelândia";"100,00";"100,0";"100,0";"100,00";"100";"100";"100";"100";"100";"100";"100"
"Percentual da População Atendida com Água (%)";"Posse";"100,00";"100,0";"100,0";"100,00";"100";"100";"100";"100";"100";"100";"100"
"Percentual da População Atendida com Água (%)";"Professor Jamil";"100,00";"100,0";"100,0";"100,00";"100";"100";"100";"100";"100";"100";"100"
"Percentual da População Atendida com Água (%)";"Quirinópolis";"94,80";"99,6";"100,0";"100,00";"98,6";"99";"100";"100";"100";"100";"100"
"Percentual da População Atendida com Água (%)";"Rialma";"100,00";"100,0";"100,0";"100,00";"100";"100";"100";"100";"100";"100";"100"
"Percentual da População Atendida com Água (%)";"Rianápolis";"100,00";"100,0";"100,0";"100,00";"100";"100";"100";"100";"100";"100";"100"
"Percentual da População Atendida com Água (%)";"Rio Quente";"[1]";"[1]";"[1]";"[1]";" [1] ";"[1]";"[1]";"[1]";"[1]";"[1]";"[1]"
"Percentual da População Atendida com Água (%)";"Rio Verde";"97,30";"99,0";"100,0";"100,00";"100";"100";"100";"100";"100";"100";"100"
"Percentual da População Atendida com Água (%)";"Rubiataba";"98,50";"99,9";"93,6";"93,70";"93,7";"93,7";"93,8";"93,9";"100";"93,87";"93,91"
"Percentual da População Atendida com Água (%)";"Sanclerlândia";"95,10";"95,3";"95,3";"95,50";"95,6";"95,8";"95,7";"95,7";"100";"95,77";"95,85"
"Percentual da População Atendida com Água (%)";"Santa Bárbara de Goiás";"100,00";"100,0";"100,0";"100,00";"100";"100";"100";"100";"100";"100";"100"
"Percentual da População Atendida com Água (%)";"Santa Cruz de Goiás";"100,00";"100,0";"100,0";"100,00";"100";"100";"100";"100";"100";"100";"100"
"Percentual da População Atendida com Água (%)";"Santa Fé de Goiás";"100,00";"100,0";"100,0";"100,00";"100";"100";"100";"100";"100";"100";"100"
"Percentual da População Atendida com Água (%)";"Santa Helena de Goiás";"99,90";"100,0";"100,0";"100,00";"100";"100";"100";"100";"100";"100";"100"
"Percentual da População Atendida com Água (%)";"Santa Isabel";"100,00";"100,0";"100,0";"100,00";"100";"100";"100";"100";"100";"100";"100"
"Percentual da População Atendida com Água (%)";"Santa Rita do Araguaia";"100,00";"100,0";"100,0";"100,00";"100";"100";"100";"100";"100";"100";"100"
"Percentual da População Atendida com Água (%)";"Santa Rita do Novo Destino";"[1]";"[1]";"[1]";"[1]";" [1] ";"[1]";"[1]";"[1]";"[1]";"[1]";"[1]"
"Percentual da População Atendida com Água (%)";"Santa Rosa de Goiás";"100,00";"100,0";"100,0";"100,00";"100";"100";"100";"100";"100";"100";"100"
"Percentual da População Atendida com Água (%)";"Santa Tereza de Goiás";"100,00";"100,0";"100,0";"100,00";"100";"100";"100";"100";"100";"100";"100"
"Percentual da População Atendida com Água (%)";"Santa Terezinha de Goiás";"78,40";"80,8";"82,7";"85,30";"85";"87,3";"86";"87";"100";"89,72";"92,96"
"Percentual da População Atendida com Água (%)";"Santo Antônio da Barra";"100,00";"100,0";"100,0";"100,00";"100";"100";"100";"100";"100";"100";"100"
"Percentual da População Atendida com Água (%)";"Santo Antônio de Goiás";"100,00";"100,0";"100,0";"100,00";"100";"100";"100";"100";"100";"100";"100"
"Percentual da População Atendida com Água (%)";"Santo Antônio do Descoberto";"91,60";"96,8";"100,0";"100,00";"100";"100";"100";"100";"100";"100";"100"
"Percentual da População Atendida com Água (%)";"São Domingos";"100,00";"100,0";"100,0";"100,00";"100";"100";"100";"100";"100";"100";"100"
"Percentual da População Atendida com Água (%)";"São Francisco de Goiás";"100,00";"100,0";"100,0";"100,00";"100";"100";"100";"100";"100";"100";"100"
"Percentual da População Atendida com Água (%)";"São João d'Aliança";"84,70";"86,1";"100,0";"100,00";"100";"100";"100";"100";"100";"100";"100"
"Percentual da População Atendida com Água (%)";"São João da Paraúna";"100,00";"100,0";"100,0";"100,00";"100";"100";"100";"100";"100";"100";"100"
"Percentual da População Atendida com Água (%)";"São Luis de Montes Belos";"100,00";"100,0";"100,0";"100,00";"100";"100";"100";"100";"100";"100";"100"
"Percentual da População Atendida com Água (%)";"São Luiz do Norte";"71,60";"72,7";"73,6";"74,30";"73,5";"73,4";"73";"74,4";"100";"82,12";"87,23"
"Percentual da População Atendida com Água (%)";"São Miguel do Araguaia";"90,20";"92,7";"94,4";"96,10";"96,6";"98,3";"98,3";"98,3";"100";"98,33";"98,38"
"Percentual da População Atendida com Água (%)";"São Miguel do Passa Quatro";"100,00";"100,0";"100,0";"100,00";"100";"100";"100";"100";"100";"100";"100"
"Percentual da População Atendida com Água (%)";"São Patrício";"100,00";"100,0";"100,0";"100,00";"100";"100";"100";"100";"100";"100";"100"
"Percentual da População Atendida com Água (%)";"São Simão";"[1]";"[1]";"[1]";"[1]";" [1] ";"[1]";"[1]";"[1]";"[1]";"[1]";"[1]"
"Percentual da População Atendida com Água (%)";"Senador Canedo";"[1]";"[1]";"[1]";"[1]";" [1] ";"[1]";"[1]";"[1]";"[1]";"[1]";"[1]"
"Percentual da População Atendida com Água (%)";"Serranópolis";"100,00";"100,0";"100,0";"100,00";"100";"100";"100";"100";"100";"100";"100"
"Percentual da População Atendida com Água (%)";"Silvânia";"100,00";"100,0";"100,0";"100,00";"100";"100";"100";"100";"100";"100";"100"
"Percentual da População Atendida com Água (%)";"Simolândia";"100,00";"100,0";"100,0";"100,00";"100";"100";"100";"100";"100";"100";"100"
"Percentual da População Atendida com Água (%)";"Sítio d'Abadia";"100,00";"100,0";"100,0";"100,00";"100";"100";"100";"100";"100";"100";"100"
"Percentual da População Atendida com Água (%)";"Taquaral de Goiás";"100,00";"100,0";"100,0";"100,00";"100";"100";"100";"100";"100";"100";"100"
"Percentual da População Atendida com Água (%)";"Teresina de Goiás";"100,00";"100,0";"100,0";"100,00";"100";"100";"100";"100";"100";"100";"100"
"Percentual da População Atendida com Água (%)";"Terezópolis de Goiás";"100,00";"100,0";"100,0";"100,00";"100";"100";"100";"100";"100";"100";"100"
"Percentual da População Atendida com Água (%)";"Três Ranchos";"100,00";"100,0";"100,0";"100,00";"100";"100";"100";"100";"100";"100";"100"
"Percentual da População Atendida com Água (%)";"Trindade";"99,30";"99,3";"99,3";"99,30";"99,3";"99,3";"99,3";"99,9";"100";"99,94";"100"
"Percentual da População Atendida com Água (%)";"Trombas";"[2]";"[2]";"[1]";"[1]";" [1] ";"[1]";"[1]";"[1]";"[1]";"[1]";"[1]"
"Percentual da População Atendida com Água (%)";"Turvânia";"100,00";"100,0";"100,0";"100,00";"100";"100";"100";"100";"100";"100";"100"
"Percentual da População Atendida com Água (%)";"Turvelândia";"100,00";"100,0";"100,0";"100,00";"100";"100";"100";"100";"100";"100";"100"
"Percentual da População Atendida com Água (%)";"Uirapuru";"96,60";"96,8";"97,6";"97,50";"97,5";"97,8";"100";"100";"100";"100";"100"
"Percentual da População Atendida com Água (%)";"Uruaçu";"98,30";"100,0";"100,0";"100,00";"100";"100";"100";"100";"100";"100";"100"
"Percentual da População Atendida com Água (%)";"Uruana";"100,00";"100,0";"100,0";"100,00";"100";"100";"100";"100";"100";"100";"100"
"Percentual da População Atendida com Água (%)";"Urutaí";"100,00";"100,0";"100,0";"100,00";"100";"100";"100";"100";"100";"100";"100"
"Percentual da População Atendida com Água (%)";"Valparaíso de Goiás";"100,00";"100,0";"100,0";"100,00";"100";"100";"100";"100";"100";"100";"100"
"Percentual da População Atendida com Água (%)";"Varjão";"100,00";"100,0";"100,0";"100,00";"100";"100";"100";"100";"100";"100";"100"
"Percentual da População Atendida com Água (%)";"Vianópolis";"100,00";"100,0";"100,0";"100,00";"100";"100";"100";"100";"100";"100";"100"
"Percentual da População Atendida com Água (%)";"Vicentinópolis";"[2]";"[2]";"[1]";"[1]";" [1] ";"[1]";"[1]";"[1]";"100";"[1]";"[1]"
"Percentual da População Atendida com Água (%)";"Vila Boa";"100,00";"100,0";"100,0";"100,00";"100";"100";"100";"99,9";"[1]";"97,66";"97,37"
"Percentual da População Atendida com Água (%)";"Vila Propício";"83,30";"92,0";"100,0";"100,00";"100";"100";"100";"100";"100";"100";"100"
"Percentual da População Atendida com Esgoto (%)";"Abadiânia";"...";"...";"...";"...";"...";"...";"...";"...";"...";"...";"..."
"Percentual da População Atendida com Esgoto (%)";"Água Fria de Goiás";"...";"...";"...";"...";"...";"...";"...";"...";"...";"...";"..."
"Percentual da População Atendida com Esgoto (%)";"Águas Lindas de Goiás";"...";"...";"...";"...";"...";"...";"...";"...";"...";"...";"..."
"Percentual da População Atendida com Esgoto (%)";"Alexânia";"...";"...";"...";"...";"...";"...";"...";"...";"...";"...";"..."
"Percentual da População Atendida com Esgoto (%)";"Alto Paraíso de Goiás";"...";"...";"...";"...";"...";"...";"...";"...";"...";"...";"..."
"Percentual da População Atendida com Esgoto (%)";"Alvorada do Norte";"...";"...";"...";"...";"...";"...";"...";"...";"...";"...";"..."
"Percentual da População Atendida com Esgoto (%)";"Barro Alto";"...";"...";"...";"...";"...";"...";"...";"...";"...";"...";"..."
"Percentual da População Atendida com Esgoto (%)";"Cabeceiras";"...";"...";"...";"...";"...";"...";"...";"...";"...";"...";"..."
"Percentual da População Atendida com Esgoto (%)";"Cavalcante";"...";"...";"...";"...";"...";"...";"...";"...";"...";"...";"..."
"Percentual da População Atendida com Esgoto (%)";"Cidade Ocidental";"...";"...";"...";"...";"...";"...";"...";"...";"...";"...";"..."
"Percentual da População Atendida com Esgoto (%)";"Cocalzinho de Goiás";"...";"...";"...";"...";"...";"...";"...";"...";"...";"...";"..."
"Percentual da População Atendida com Esgoto (%)";"Corumbá de Goiás";"...";"...";"...";"...";"...";"...";"...";"...";"...";"...";"..."
"Percentual da População Atendida com Esgoto (%)";"Cristalina";"...";"...";"...";"...";"...";"...";"...";"...";"...";"...";"..."
"Percentual da População Atendida com Esgoto (%)";"Flores de Goiás";"...";"...";"...";"...";"...";"...";"...";"...";"...";"...";"..."
"Percentual da População Atendida com Esgoto (%)";"Formosa";"...";"...";"...";"...";"...";"...";"...";"...";"...";"...";"..."
"Percentual da População Atendida com Esgoto (%)";"Goianésia";"...";"...";"...";"...";"...";"...";"...";"...";"...";"...";"..."
"Percentual da População Atendida com Esgoto (%)";"Luziânia";"...";"...";"...";"...";"...";"...";"...";"...";"...";"...";"..."
"Percentual da População Atendida com Esgoto (%)";"Mimoso de Goiás";"...";"...";"...";"...";"...";"...";"...";"...";"...";"...";"..."
"Percentual da População Atendida com Esgoto (%)";"Niquelândia";"...";"...";"...";"...";"...";"...";"...";"...";"...";"...";"..."
"Percentual da População Atendida com Esgoto (%)";"Novo Gama";"...";"...";"...";"...";"...";"...";"...";"...";"...";"...";"..."
"Percentual da População Atendida com Esgoto (%)";"Padre Bernardo";"...";"...";"...";"...";"...";"...";"...";"...";"...";"...";"..."
"Percentual da População Atendida com Esgoto (%)";"Pirenópolis";"...";"...";"...";"...";"...";"...";"...";"...";"...";"...";"..."
"Percentual da População Atendida com Esgoto (%)";"Planaltina";"...";"...";"...";"...";"...";"...";"...";"...";"...";"...";"..."
"Percentual da População Atendida com Esgoto (%)";"Santo Antônio do Descoberto";"...";"...";"...";"...";"...";"...";"...";"...";"...";"...";"..."
"Percentual da População Atendida com Esgoto (%)";"São João d’Aliança";"...";"...";"...";"...";"...";"...";"...";"...";"...";"...";"..."
"Percentual da População Atendida com Esgoto (%)";"Simolândia";"...";"...";"...";"...";"...";"...";"...";"...";"...";"...";"..."
"Percentual da População Atendida com Esgoto (%)";"Valparaíso de Goiás";"...";"...";"...";"...";"...";"...";"...";"...";"...";"...";"..."
"Percentual da População Atendida com Esgoto (%)";"Vila Boa";"...";"...";"...";"...";"...";"...";"...";"...";"...";"...";"..."
"Percentual da População Atendida com Esgoto (%)";"Vila Propício";"...";"...";"...";"...";"...";"...";"...";"...";"...";"...";"..."
"Percentual da População Atendida com Esgoto (%)";"Abadia de Goiás";"43,50";"46,6";"49,3";"49,40";"49,6";"51,4";"51";"50";"49";"48,37";"48,05"
"Percentual da População Atendida com Esgoto (%)";"Abadiânia";"[2]";"[2]";"[1]";"[1]";" [1] ";"[1]";"[1]";"[1]";"[1]";"[1]";"[1]"
"Percentual da População Atendida com Esgoto (%)";"Acreúna";"25,20";"25,1";"25,3";"34,70";"44,2";"43,7";"44";"43,5";"43";"43,12";"43,17"
"Percentual da População Atendida com Esgoto (%)";"Adelândia";"-";"-";"-";"0,10";" -   ";" -   ";" -   ";"0";"0";"-";"0"
"Percentual da População Atendida com Esgoto (%)";"Água Fria de Goiás";"-";"-";"-";"-";" -   ";" -   ";" -   ";"0";"0";"-";"0"
"Percentual da População Atendida com Esgoto (%)";"Água Limpa";"-";"-";"-";"-";" -   ";" -   ";" -   ";"0";"0";"-";"0"
"Percentual da População Atendida com Esgoto (%)";"Águas Lindas de Goiás";"-";"-";"-";"2,80";"26,7";"40,3";"44";"47,7";"74";"81,67";"88,48"
"Percentual da População Atendida com Esgoto (%)";"Alexânia";"-";"-";"-";"-";" -   ";" -   ";" -   ";"0";"0";"-";"0"
"Percentual da População Atendida com Esgoto (%)";"Aloândia";"-";"-";"-";"-";" -   ";" -   ";" -   ";"0";"0";"-";"0"
"Percentual da População Atendida com Esgoto (%)";"Alto Horizonte";"-";"-";"-";"-";" -   ";" -   ";" -   ";"0";"0";"-";"0"
"Percentual da População Atendida com Esgoto (%)";"Alto Paraíso de Goiás";"-";"-";"-";"-";" -   ";" -   ";" -   ";"0";"0";"-";"0"
"Percentual da População Atendida com Esgoto (%)";"Alvorada do Norte";"2,40";"2,3";"2,2";"2,20";"2";"56,3";"67";"95,1";"96";"95,92";"95,90"
"Percentual da População Atendida com Esgoto (%)";"Amaralina";"-";"-";"-";"-";" -   ";" -   ";" -   ";"0";"0";"-";"0"
"Percentual da População Atendida com Esgoto (%)";"Americano do Brasil";"-";"-";"-";"-";" -   ";" -   ";" -   ";"0";"0";"-";"0"
"Percentual da População Atendida com Esgoto (%)";"Amorinópolis";"-";"-";"-";"-";" -   ";" -   ";" -   ";"0";"0";"-";"0"
"Percentual da População Atendida com Esgoto (%)";"Anápolis";"57,50";"59,5";"61,1";"63,80";"66,9";"72,2";"78";"80,8";"82";"83,05";"84,92"
"Percentual da População Atendida com Esgoto (%)";"Anhanguera";"-";"-";"-";"-";" -   ";" -   ";" -   ";"0";"0";"-";"0"
"Percentual da População Atendida com Esgoto (%)";"Anicuns";"40,30";"41,4";"42,7";"43,10";"43,7";"43,3";"43";"44,3";"50";"50,1";"49,80"
"Percentual da População Atendida com Esgoto (%)";"Aparecida de Goiânia";"21,80";"22,8";"24,7";"32,30";"36,2";"48";"54";"60,1";"67";"75,89";"76,89"
"Percentual da População Atendida com Esgoto (%)";"Aparecida do Rio Doce";"100,00";"100,0";"100,0";"100,00";"100";"100";"100";"100";"100";"100";"100"
"Percentual da População Atendida com Esgoto (%)";"Aporé";"-";"-";"-";"-";" -   ";" -   ";" -   ";"0";"0";"-";"0"
"Percentual da População Atendida com Esgoto (%)";"Araçu";"-";"-";"-";"-";" -   ";" -   ";" -   ";"0";"0";"-";"0"
"Percentual da População Atendida com Esgoto (%)";"Aragarças";"-";"-";"-";"-";" -   ";" -   ";" -   ";"0";"0";"-";"0"
"Percentual da População Atendida com Esgoto (%)";"Aragoiânia";"-";"-";"-";"-";" -   ";" -   ";" -   ";"0";"0";"-";"0"
"Percentual da População Atendida com Esgoto (%)";"Araguapaz";"69,00";"69,8";"70,2";"71,80";"72,6";"72,3";"72";"72,5";"73";"72,51";"73,36"
"Percentual da População Atendida com Esgoto (%)";"Arenópolis";"-";"-";"-";"-";" -   ";" -   ";" -   ";"0";"0";"-";"0"
"Percentual da População Atendida com Esgoto (%)";"Aruanã";"37,50";"43,1";"48,2";"48,20";"50,9";"52,4";"53";"53,5";"54";"54,52";"55,34"
"Percentual da População Atendida com Esgoto (%)";"Aurilândia";"-";"-";"-";"-";" -   ";" -   ";" -   ";"0";"0";"-";"0"
"Percentual da População Atendida com Esgoto (%)";"Avelinópolis";"-";"-";"0,1";"0,10";"0,1";" -   ";" -   ";"0";"0";"-";"0"
"Percentual da População Atendida com Esgoto (%)";"Baliza";"-";"-";"-";"-";" -   ";" -   ";" -   ";"0";"0";"-";"0"
"Percentual da População Atendida com Esgoto (%)";"Barro Alto";"-";"-";"-";"-";" -   ";" -   ";" -   ";"0";"0";"-";"0"
"Percentual da População Atendida com Esgoto (%)";"Bela Vista de Goiás";"57,00";"59,2";"61,2";"62,80";"66,3";"68,7";"68";"68,3";"68";"68,11";"68,08"
"Percentual da População Atendida com Esgoto (%)";"Bom Jardim de Goiás";"-";"-";"-";"-";" -   ";" -   ";" -   ";"0";"0";"0,04";"0"
"Percentual da População Atendida com Esgoto (%)";"Bom Jesus de Goiás";"89,30";"99,3";"100,0";"100,00";"100";"100";"100";"100";"100";"-";"100"
"Percentual da População Atendida com Esgoto (%)";"Bonfinópolis";"-";"-";"-";"-";" -   ";" -   ";" -   ";"0";"0";"-";"0"
"Percentual da População Atendida com Esgoto (%)";"Bonópolis";"-";"-";"-";"-";" -   ";" -   ";" -   ";"0";"0";"-";"0"
"Percentual da População Atendida com Esgoto (%)";"Brazabrantes";"-";"-";"-";"-";" -   ";" -   ";" -   ";"0";"0";"-";"0"
"Percentual da População Atendida com Esgoto (%)";"Britânia";"93,30";"93,8";"94,9";"99,40";"100";"100";"100";"100";"100";"100";"100"
"Percentual da População Atendida com Esgoto (%)";"Buriti Alegre";"16,20";"16,2";"16,3";"16,30";"16,6";"16,5";"16";"16,4";"0";"[1]";"[1]"
"Percentual da População Atendida com Esgoto (%)";"Buriti de Goiás";"-";"-";"-";"-";" -   ";" -   ";" -   ";"0";"0";"-";"0"
"Percentual da População Atendida com Esgoto (%)";"Buritinópolis";"-";"-";"-";"-";" -   ";" -   ";" -   ";"0";"0";"-";"0"
"Percentual da População Atendida com Esgoto (%)";"Cabeceiras";"-";"-";"-";"-";" -   ";" -   ";" -   ";"0";"0";"-";"0"
"Percentual da População Atendida com Esgoto (%)";"Cachoeira Alta";"-";"-";"-";"-";" -   ";" -   ";" -   ";"0";"89";"-";"0"
"Percentual da População Atendida com Esgoto (%)";"Cachoeira de Goiás";"[1]";"[1]";"[1]";"[1]";" [1] ";"[1]";"[1]";"[1]";"100";"[1]";"[1]"
"Percentual da População Atendida com Esgoto (%)";"Cachoeira Dourada";"72,30";"77,0";"79,8";"82,50";"83,8";"86";"87";"87,6";"94";"89,7";"89,80"
"Percentual da População Atendida com Esgoto (%)";"Caçu";"95,80";"96,6";"99,6";"100,00";"100";"100";"100";"100";"0";"100";"100"
"Percentual da População Atendida com Esgoto (%)";"Caiapônia";"93,60";"93,6";"93,6";"93,60";"93,6";"93,6";"94";"93,6";"0";"93,64";"93,64"
"Percentual da População Atendida com Esgoto (%)";"Caldas Novas";"[1]";"[1]";"[1]";"[1]";" [1] ";"[1]";"[1]";"[1]";"0";"[1]";"[1]"
"Percentual da População Atendida com Esgoto (%)";"Caldazinha";"-";"-";"-";"-";" -   ";"0,1";" -   ";"0";"0";"-";"0"
"Percentual da População Atendida com Esgoto (%)";"Campestre de Goiás";"-";"-";"-";"-";" -   ";" -   ";" -   ";"0";"0";"-";"0"
"Percentual da População Atendida com Esgoto (%)";"Campinaçu";"-";"-";"-";"-";"0,3";" -   ";" -   ";"0";"0";"-";"0"
"Percentual da População Atendida com Esgoto (%)";"Campinorte";"-";"-";"-";"-";" -   ";" -   ";" -   ";"0";"95";"-";"0"
"Percentual da População Atendida com Esgoto (%)";"Campo Alegre de Goiás";"-";"-";"-";"-";" -   ";" -   ";" -   ";"0";"0";"-";"0"
"Percentual da População Atendida com Esgoto (%)";"Campo Limpo de Goiás";"-";"-";"-";"-";" -   ";" -   ";" -   ";"0";"0";"-";"0"
"Percentual da População Atendida com Esgoto (%)";"Campos Belos";"75,20";"97,5";"97,6";"93,90";"94,6";"95";"95";"95,1";"0";"95,08";"95,08"
"Percentual da População Atendida com Esgoto (%)";"Campos Verdes";"-";"-";"-";"-";" -   ";" -   ";" -   ";"0";"0";"-";"0"
"Percentual da População Atendida com Esgoto (%)";"Carmo do Rio Verde";"-";"-";"-";"-";" -   ";" -   ";" -   ";"0";"0";"-";"0"
"Percentual da População Atendida com Esgoto (%)";"Castelândia";"-";"-";"-";"-";" -   ";" -   ";" -   ";"0";"100";"-";"0"
"Percentual da População Atendida com Esgoto (%)";"Catalão";"[1]";"[1]";"[1]";"[1]";" [1] ";"[1]";"[1]";"[1]";"0";"[1]";"[1]"
"Percentual da População Atendida com Esgoto (%)";"Caturaí";"-";"-";"-";"-";" -   ";" -   ";" -   ";"0";"62";"-";"0"
"Percentual da População Atendida com Esgoto (%)";"Cavalcante";"-";"-";"-";"-";" -   ";" -   ";" -   ";"0";"0";"-";"0"
"Percentual da População Atendida com Esgoto (%)";"Ceres";"82,30";"87,0";"91,4";"93,00";"96,9";"98,8";"100";"100";"0";"100";"100"
"Percentual da População Atendida com Esgoto (%)";"Cezarina";"-";"-";"-";"-";" -   ";" -   ";" -   ";"0";"95";"-";"0"
"Percentual da População Atendida com Esgoto (%)";"Chapadão do Céu";"[1]";"[1]";"[1]";"[1]";" [1] ";"[1]";"[1]";"[1]";"48";"[1]";"[1]"
"Percentual da População Atendida com Esgoto (%)";"Cidade Ocidental";"58,10";"62,7";"62,4";"63,10";"63,1";"63,1";"63";"62,5";"0";"62,03";"61,46"
"Percentual da População Atendida com Esgoto (%)";"Cocalzinho de Goiás";"-";"-";"-";"-";" -   ";" -   ";" -   ";"0";"0";"-";"0"
"Percentual da População Atendida com Esgoto (%)";"Colinas do Sul";"[1]";"[1]";"[1]";"[1]";" [1] ";"[1]";"[1]";"[1]";"0";"[1]";"[1]"
"Percentual da População Atendida com Esgoto (%)";"Córrego do Ouro";"-";"-";"-";"-";" -   ";" -   ";" -   ";"0";"0";"-";"0"
"Percentual da População Atendida com Esgoto (%)";"Corumbá de Goiás";"[1]";"[1]";"[1]";"[1]";" [1] ";"[1]";"[1]";"[1]";"0";"[1]";"[1]"
"Percentual da População Atendida com Esgoto (%)";"Corumbaíba";"94,40";"94,4";"94,7";"94,70";"94,7";"94,7";"95";"94,7";"0";"94,74";"94,49"
"Percentual da População Atendida com Esgoto (%)";"Cristalina";"26,60";"26,6";"27,5";"28,10";"34";"41,3";"42";"46,3";"0";"48,45";"48,22"
"Percentual da População Atendida com Esgoto (%)";"Cristianópolis";"-";"-";"-";"-";" -   ";" -   ";" -   ";"0";"0";"-";"0"
"Percentual da População Atendida com Esgoto (%)";"Crixás";"-";"-";"-";"-";" -   ";" -   ";" -   ";"0";"0";"-";"0"
"Percentual da População Atendida com Esgoto (%)";"Cromínia";"-";"-";"-";"-";" -   ";" -   ";" -   ";"0";"0";"-";"0"
"Percentual da População Atendida com Esgoto (%)";"Cumari";"-";"-";"-";"-";" -   ";" -   ";" -   ";"0";"0";"-";"0"
"Percentual da População Atendida com Esgoto (%)";"Damianópolis";"-";"0,1";"0,7";"0,40";"0,1";"0,1";" -   ";"0";"100";"-";"0"
"Percentual da População Atendida com Esgoto (%)";"Damolândia";"-";"-";"-";"-";" -   ";" -   ";" -   ";"0";"0";"-";"0"
"Percentual da População Atendida com Esgoto (%)";"Davinópolis";"-";"0,1";"-";"-";" -   ";" -   ";" -   ";"0";"0";"-";"0"
"Percentual da População Atendida com Esgoto (%)";"Diorama";"-";"-";"-";"-";" -   ";" -   ";" -   ";"0";"0";"-";"0"
"Percentual da População Atendida com Esgoto (%)";"Divinópolis de Goiás";"-";"-";"-";"-";" -   ";" -   ";" -   ";"0";"0";"-";"0"
"Percentual da População Atendida com Esgoto (%)";"Doverlândia";"-";"-";"-";"-";" -   ";" -   ";" -   ";"0";"99";"-";"0"
"Percentual da População Atendida com Esgoto (%)";"Edealina";"-";"-";"-";"-";" -   ";" -   ";" -   ";"0";"0";"-";"0"
"Percentual da População Atendida com Esgoto (%)";"Edéia";"100,00";"100,0";"100,0";"100,00";"100";"100";"100";"100";"0";"100";"100"
"Percentual da População Atendida com Esgoto (%)";"Estrela do Norte";"-";"-";"-";"-";" -   ";" -   ";" -   ";"0";"0";"-";"0"
"Percentual da População Atendida com Esgoto (%)";"Faina";"[1]";"[1]";"[1]";"[1]";" [1] ";"[1]";"[1]";"[1]";"0";"[1]";"[1]"
"Percentual da População Atendida com Esgoto (%)";"Fazenda Nova";"-";"-";"-";"-";" -   ";" -   ";" -   ";"0";"97";"-";"0"
"Percentual da População Atendida com Esgoto (%)";"Firminópolis";"-";"-";"-";"-";" -   ";" -   ";" -   ";"0";"96";"-";"0"
"Percentual da População Atendida com Esgoto (%)";"Flores de Goiás";"-";"-";"-";"-";" -   ";" -   ";" -   ";"0";"38";"-";"0"
"Percentual da População Atendida com Esgoto (%)";"Formosa";"52,60";"57,5";"81,9";"82,10";"95,6";"94,5";"95";"97,9";"90";"99,39";"100"
"Percentual da População Atendida com Esgoto (%)";"Formoso";"-";"-";"-";"-";" -   ";" -   ";" -   ";"0";"56";"-";"0"
"Percentual da População Atendida com Esgoto (%)";"Gameleira de Goiás";"-";"-";"-";"-";" -   ";" -   ";" -   ";"0";"0";"-";"0"
"Percentual da População Atendida com Esgoto (%)";"Goianápolis";"-";"-";"-";"-";" -   ";" -   ";" -   ";"0";"87";"-";"0"
"Percentual da População Atendida com Esgoto (%)";"Goiandira";"-";"-";"-";"-";" -   ";" -   ";" -   ";"0";"0";"-";"0"
"Percentual da População Atendida com Esgoto (%)";"Goianésia";"77,70";"86,9";"90,1";"91,40";"94,7";"94,1";"97";"97,1";"0";"97,12";"97,12"
"Percentual da População Atendida com Esgoto (%)";"Goiânia";"84,10";"88,2";"91,1";"92,40";"93,3";"93,4";"94";"94,3";"0";"98,78";"98,96"
"Percentual da População Atendida com Esgoto (%)";"Goianira";"36,40";"38,7";"39,5";"39,20";"38,8";"38,8";"39";"38,4";"0";"37,43";"37,01"
"Percentual da População Atendida com Esgoto (%)";"Goiás";"45,80";"48,5";"62,8";"70,30";"74,7";"86,5";"87";"88,4";"0";"90,89";"91,06"
"Percentual da População Atendida com Esgoto (%)";"Goiatuba";"27,60";"42,8";"44,5";"50,60";"51,8";" -   ";"54";"54,7";"0";"56,24";"56,74"
"Percentual da População Atendida com Esgoto (%)";"Gouvelândia";"-";"-";"-";"-";" -   ";" -   ";" -   ";"0";"0";"-";"0"
"Percentual da População Atendida com Esgoto (%)";"Guapó";"66,70";"68,4";"71,1";"79,50";"82,3";"82,8";"84";"86,3";"0";"87,75";"87,75"
"Percentual da População Atendida com Esgoto (%)";"Guaraíta";"-";"-";"-";"-";" -   ";" -   ";" -   ";"0";"0";"-";"0"
"Percentual da População Atendida com Esgoto (%)";"Guarani de Goiás";"-";"-";"-";"-";" -   ";" -   ";" -   ";"0";"81";"-";"0"
"Percentual da População Atendida com Esgoto (%)";"Guarinos";"[1]";"[1]";"[1]";"[1]";" [1] ";"[1]";"[1]";"[1]";"0";"[1]";"0"
"Percentual da População Atendida com Esgoto (%)";"Heitoraí";"-";"-";"-";"-";" -   ";" -   ";" -   ";"0";"79";"-";"0"
"Percentual da População Atendida com Esgoto (%)";"Hidrolândia";"-";"-";"-";"-";" -   ";" -   ";" -   ";"0";"0";"-";"0"
"Percentual da População Atendida com Esgoto (%)";"Hidrolina";"-";"-";"-";"-";"0,1";" -   ";" -   ";"0";"63";"-";"0"
"Percentual da População Atendida com Esgoto (%)";"Iaciara";"-";"-";"-";"-";" -   ";" -   ";" -   ";"0";"0";"-";"0"
"Percentual da População Atendida com Esgoto (%)";"Inaciolândia";"-";"-";"-";"-";" -   ";" -   ";" -   ";"0";"0";"-";"0"
"Percentual da População Atendida com Esgoto (%)";"Indiara";"-";"-";"-";"-";" -   ";" -   ";" -   ";"0";"0";"-";"0"
"Percentual da População Atendida com Esgoto (%)";"Inhumas";"69,90";"76,6";"79,7";"80,70";"80,3";" -   ";"80";"80,8";"0";"80,87";"80,29"
"Percentual da População Atendida com Esgoto (%)";"Ipameri";"-";"-";"-";"-";" -   ";" -   ";" -   ";"0";"0";"[1]";"[1]"
"Percentual da População Atendida com Esgoto (%)";"Ipiranga de Goiás";"-";"-";"-";"-";" -   ";" -   ";" -   ";"0";"100";"-";"0"
"Percentual da População Atendida com Esgoto (%)";"Iporá";"23,10";"32,9";"40,1";"42,50";"42,5";"51,2";"52";"52,4";"0";"91,95";"93,57"
"Percentual da População Atendida com Esgoto (%)";"Israelândia";"-";"-";"0,1";"-";" -   ";" -   ";" -   ";"0";"86";"-";"0"
"Percentual da População Atendida com Esgoto (%)";"Itaberaí";"65,60";"66,0";"66,0";"65,60";"65,3";"64,7";"64";"63,2";"100";"62,47";"62,25"
"Percentual da População Atendida com Esgoto (%)";"Itaguari";"-";"-";"-";"-";" -   ";" -   ";" -   ";"0";"0";"-";"0"
"Percentual da População Atendida com Esgoto (%)";"Itaguaru";"-";"-";"-";"-";" -   ";" -   ";" -   ";"0";"0";"-";"0"
"Percentual da População Atendida com Esgoto (%)";"Itajá";"-";"-";"-";"-";" -   ";" -   ";" -   ";"0";"60";"-";"0"
"Percentual da População Atendida com Esgoto (%)";"Itapaci";"-";"-";"-";"-";" -   ";" -   ";" -   ";"0";"99";"-";"0"
"Percentual da População Atendida com Esgoto (%)";"Itapirapuã";"-";"-";"-";"-";" -   ";" -   ";" -   ";"0";"0";"-";"0"
"Percentual da População Atendida com Esgoto (%)";"Itapuranga";"92,30";"94,3";"97,7";"100,00";"100";"100";"100";"100";"0";"100";"100"
"Percentual da População Atendida com Esgoto (%)";"Itarumã";"-";"-";"-";"-";" -   ";" -   ";" -   ";"0";"100";"-";"0"
"Percentual da População Atendida com Esgoto (%)";"Itauçu";"86,00";"86,0";"86,0";"86,00";"86";"86";"86";"86,1";"100";"86,06";"86,06"
"Percentual da População Atendida com Esgoto (%)";"Itumbiara";"96,20";"100,0";"100,0";"100,00";"100";"100";"100";"100";"100";"100";"100"
"Percentual da População Atendida com Esgoto (%)";"Ivolândia";"-";"-";"-";"-";" -   ";" -   ";" -   ";"0";"0";"-";"0"
"Percentual da População Atendida com Esgoto (%)";"Jandaia";"-";"-";"-";"-";" -   ";" -   ";" -   ";"0";"23";"-";"0"
"Percentual da População Atendida com Esgoto (%)";"Jaraguá";"26,90";"29,7";"29,9";"31,10";"30,7";"30,5";"30";"30";"0";"59,33";"58,77"
"Percentual da População Atendida com Esgoto (%)";"Jataí";"68,20";"70,2";"79,6";"89,40";"89,4";"97,4";"99";"99,1";"0";"99,05";"99,05"
"Percentual da População Atendida com Esgoto (%)";"Jaupaci";"-";"-";"-";"-";" -   ";" -   ";" -   ";"0";"81";"-";"0"
"Percentual da População Atendida com Esgoto (%)";"Jesúpolis";"-";"-";"-";"-";" -   ";" -   ";" -   ";"0";"0";"-";"0"
"Percentual da População Atendida com Esgoto (%)";"Joviânia";"95,50";"100,0";"100,0";"100,00";"100";"100";"100";"100";"0";"100";"100"
"Percentual da População Atendida com Esgoto (%)";"Jussara";"81,90";"84,3";"95,0";"96,00";"98,1";"98,4";"99";"99,2";"100";"99,83";"100"
"Percentual da População Atendida com Esgoto (%)";"Lagoa Santa";"82,00";"100,0";"100,0";"100,00";"100";"100";"100";"100";"77";"100";"100"
"Percentual da População Atendida com Esgoto (%)";"Leopoldo de Bulhões";"-";"-";"-";"-";" -   ";" -   ";" -   ";"0";"0";"[1]";"[1]"
"Percentual da População Atendida com Esgoto (%)";"Luziânia";"18,40";"18,5";"18,0";"18,30";"19,9";"21";"22";"22,6";"0";"24,47";"26,12"
"Percentual da População Atendida com Esgoto (%)";"Mairipotaba";"-";"-";"-";"-";" -   ";" -   ";" -   ";"0";"62";"-";"0"
"Percentual da População Atendida com Esgoto (%)";"Mambaí";"-";"-";"-";"-";" -   ";" -   ";" -   ";"0";"55";"-";"0"
"Percentual da População Atendida com Esgoto (%)";"Mara Rosa";"69,60";"71,7";"78,6";"80,20";"80,3";"80,5";"80";"80,4";"0";"81,16";"81,93"
"Percentual da População Atendida com Esgoto (%)";"Marzagão";"-";"-";"-";"-";" -   ";" -   ";" -   ";"0";"88";"-";"0"
"Percentual da População Atendida com Esgoto (%)";"Matrinchã";"[1]";"[1]";"[1]";"[1]";" -   ";"[1]";"[1]";"[1]";"0";"[1]";"[1]"
"Percentual da População Atendida com Esgoto (%)";"Maurilândia";"-";"-";"-";"-";" -   ";" -   ";" -   ";"0";"0";"-";"0"
"Percentual da População Atendida com Esgoto (%)";"Mimoso de Goiás";"100,00";"100,0";"100,0";"100,00";"100";"100";"100";"100";"0";"100";"100"
"Percentual da População Atendida com Esgoto (%)";"Minaçu";"-";"-";"54,1";"59,10";"60,9";"63,8";"69";"76,4";"0";"77,14";"77,79"
"Percentual da População Atendida com Esgoto (%)";"Mineiros";"[1]";"[1]";"[1]";"[1]";" [1] ";"[1]";"[1]";"[1]";"0";"[1]";"[1]"
"Percentual da População Atendida com Esgoto (%)";"Moiporá";"-";"-";"-";"-";" -   ";" -   ";" -   ";"0";"0";"-";"0"
"Percentual da População Atendida com Esgoto (%)";"Monte Alegre de Goiás";"-";"-";"0,1";"-";" -   ";" -   ";" -   ";"0";"44";"-";"0"
"Percentual da População Atendida com Esgoto (%)";"Montes Claros de Goiás";"5,20";"28,2";"33,6";"47,40";"60";"60,3";"61";"62";"0";"62,75";"62,96"
"Percentual da População Atendida com Esgoto (%)";"Montividiu";"51,10";"56,3";"56,4";"56,20";"57,5";"56,7";"56";"56,1";"0";"55,36";"54,71"
"Percentual da População Atendida com Esgoto (%)";"Montividiu do Norte";"-";"-";"-";"-";" -   ";" -   ";" -   ";"0";"0";"-";"0"
"Percentual da População Atendida com Esgoto (%)";"Morrinhos";"72,50";"78,0";"81,5";"82,50";"83,8";"84,9";"87";"87,3";"0";"88,72";"88,98"
"Percentual da População Atendida com Esgoto (%)";"Morro Agudo de Goiás";"-";"-";"-";"-";" -   ";" -   ";" -   ";"0";"0";"-";"0"
"Percentual da População Atendida com Esgoto (%)";"Mossâmedes";"[1]";"[1]";"[1]";"[1]";" [1] ";"[1]";"[1]";"[1]";"0";"[1]";"[1]"
"Percentual da População Atendida com Esgoto (%)";"Mozarlândia";"-";"-";"-";"-";" -   ";" -   ";" -   ";"0";"0";"-";"0"
"Percentual da População Atendida com Esgoto (%)";"Mundo Novo";"-";"-";"-";"-";" -   ";" -   ";" -   ";"0";"39";"-";"0"
"Percentual da População Atendida com Esgoto (%)";"Mutunópolis";"-";"-";"-";"-";" -   ";" -   ";" -   ";"0";"0";"-";"0"
"Percentual da População Atendida com Esgoto (%)";"Nazário";"-";"-";"-";"-";" -   ";" -   ";" -   ";"0";"0";"-";"0"
"Percentual da População Atendida com Esgoto (%)";"Nerópolis";"-";"-";"-";"-";" -   ";" -   ";" -   ";"0";"0";"-";"0"
"Percentual da População Atendida com Esgoto (%)";"Niquelândia";"26,80";"26,9";"34,7";"41,00";"44,2";"43,7";"44";"43,5";"0";"43,6";"43,66"
"Percentual da População Atendida com Esgoto (%)";"Nova América";"-";"-";"-";"-";" -   ";" -   ";" -   ";"0";"83";"-";"0"
"Percentual da População Atendida com Esgoto (%)";"Nova Aurora";"-";"-";"-";"-";" -   ";" -   ";" -   ";"0";"0";"-";"0"
"Percentual da População Atendida com Esgoto (%)";"Nova Crixás";"-";"-";"-";"-";" -   ";" -   ";" -   ";"0";"100";"-";"0"
"Percentual da População Atendida com Esgoto (%)";"Nova Glória";"-";"-";"-";"-";" -   ";" -   ";" -   ";"0";"0";"-";"0"
"Percentual da População Atendida com Esgoto (%)";"Nova Iguaçu de Goiás";"-";"-";"-";"-";" -   ";" -   ";" -   ";"0";"0";"-";"0"
"Percentual da População Atendida com Esgoto (%)";"Nova Roma";"[1]";"[1]";"[1]";"[1]";" [1] ";"[1]";"[1]";"[1]";"100";"[1]";"[1]"
"Percentual da População Atendida com Esgoto (%)";"Nova Veneza";"-";"-";"-";"-";" -   ";" -   ";" -   ";"0";"0";"-";"0"
"Percentual da População Atendida com Esgoto (%)";"Novo Brasil";"-";"-";"-";"-";" -   ";" -   ";" -   ";"0";"0";"-";"0"
"Percentual da População Atendida com Esgoto (%)";"Novo Gama";"21,30";"22,3";"22,2";"22,00";"33,5";"34,2";"35";"35,4";"0";"39,95";"41,65"
"Percentual da População Atendida com Esgoto (%)";"Novo Planalto";"-";"-";"-";"-";" -   ";" -   ";" -   ";"0";"94";"-";"0"
"Percentual da População Atendida com Esgoto (%)";"Orizona";"-";"-";"-";"-";" -   ";" -   ";" -   ";"0";"0";"-";"0"
"Percentual da População Atendida com Esgoto (%)";"Ouro Verde de Goiás";"-";"-";"-";"-";" -   ";" -   ";" -   ";"0";"22";"-";"0"
"Percentual da População Atendida com Esgoto (%)";"Ouvidor";"-";"-";"-";"-";" -   ";" -   ";" -   ";"0";"40";"-";"0"
"Percentual da População Atendida com Esgoto (%)";"Padre Bernardo";"100,00";"100,0";"100,0";"100,00";"100";"100";"100";"82,8";"99";"82,79";"82,79"
"Percentual da População Atendida com Esgoto (%)";"Palestina de Goiás";"-";"-";"-";"-";" -   ";" -   ";" -   ";"0";"100";"-";"0"
"Percentual da População Atendida com Esgoto (%)";"Palmeiras de Goiás";"89,00";"94,4";"100,0";"100,00";"100";"100";"100";"100";"76";"100";"100"
"Percentual da População Atendida com Esgoto (%)";"Palmelo";"-";"-";"-";"-";" -   ";" -   ";" -   ";"0";"0";"-";"0"
"Percentual da População Atendida com Esgoto (%)";"Palminópolis";"-";"-";"-";"-";" -   ";" -   ";" -   ";"0";"0";"-";"0"
"Percentual da População Atendida com Esgoto (%)";"Panamá";"[1]";"[1]";"[1]";"[1]";" [1] ";"[1]";"[1]";"[1]";"95";"[1]";"[1]"
"Percentual da População Atendida com Esgoto (%)";"Paranaiguara";"[1]";"[1]";"[1]";"[1]";" [1] ";"[1]";"[1]";"[1]";"0";"[1]";"[1]"
"Percentual da População Atendida com Esgoto (%)";"Paraúna";"100,00";"100,0";"100,0";"100,00";"100";"100";"100";"100";"100";"100";"100"
"Percentual da População Atendida com Esgoto (%)";"Perolândia";"-";"-";"-";"-";"0,1";" -   ";" -   ";"0";"0";"-";"0"
"Percentual da População Atendida com Esgoto (%)";"Petrolina de Goiás";"-";"-";"-";"-";" -   ";" -   ";" -   ";"0";"0";"-";"0"
"Percentual da População Atendida com Esgoto (%)";"Pilar de Goiás";"-";"-";"-";"-";" -   ";" -   ";" -   ";"0";"99";"-";"0"
"Percentual da População Atendida com Esgoto (%)";"Piracanjuba";"94,10";"94,1";"94,1";"94,10";"94,1";"94,1";"94";"94,1";"90";"94,13";"94,13"
"Percentual da População Atendida com Esgoto (%)";"Piranhas";"-";"-";"-";"-";" -   ";" -   ";" -   ";"0";"77";"-";"0"
"Percentual da População Atendida com Esgoto (%)";"Pirenópolis";"-";"-";"-";"-";" -   ";" -   ";" -   ";"0";"0";"30,86";"30,68"
"Percentual da População Atendida com Esgoto (%)";"Pires do Rio";"35,30";"37,6";"38,1";"38,60";"38,8";"39,2";"39";"40";"0";"39,98";"40,09"
"Percentual da População Atendida com Esgoto (%)";"Planaltina";"28,60";"36,2";"60,4";"65,30";"67,2";"73,1";"99";"98,6";"0";"98,62";"98,62"
"Percentual da População Atendida com Esgoto (%)";"Pontalina";"98,90";"100,0";"100,0";"100,00";"100";"100";"100";"100";"100";"100";"100"
"Percentual da População Atendida com Esgoto (%)";"Porangatu";"-";"-";"-";"-";"10,8";"18,1";"27";"53,5";"0";"77,75";"78,20"
"Percentual da População Atendida com Esgoto (%)";"Porteirão";"-";"-";"-";"-";" -   ";" -   ";" -   ";"0";"0";"-";"0"
"Percentual da População Atendida com Esgoto (%)";"Portelândia";"-";"-";"-";"-";" -   ";" -   ";" -   ";"0";"0";"-";"0"
"Percentual da População Atendida com Esgoto (%)";"Posse";"92,70";"92,9";"97,3";"97,90";"97,9";"97,2";"97";"95,6";"0";"94,32";"93,77"
"Percentual da População Atendida com Esgoto (%)";"Professor Jamil";"-";"-";"-";"-";" -   ";" -   ";" -   ";"0";"0";"-";"0"
"Percentual da População Atendida com Esgoto (%)";"Quirinópolis";"93,60";"98,7";"100,0";"100,00";"100";"100";"100";"100";"0";"100";"100"
"Percentual da População Atendida com Esgoto (%)";"Rialma";"-";"-";"-";"-";" -   ";" -   ";" -   ";"0";"0";"-";"0"
"Percentual da População Atendida com Esgoto (%)";"Rianápolis";"-";"-";"-";"-";" -   ";" -   ";" -   ";"0";"63";"-";"0"
"Percentual da População Atendida com Esgoto (%)";"Rio Quente";"[1]";"[1]";"[1]";"[1]";" [1] ";"[1]";"[1]";"[1]";"0";"[1]";"[1]"
"Percentual da População Atendida com Esgoto (%)";"Rio Verde";"48,00";"49,4";"53,4";"59,70";"62,2";"69";"74";"96,6";"0";"99,09";"99,09"
"Percentual da População Atendida com Esgoto (%)";"Rubiataba";"95,80";"98,3";"90,2";"90,20";"90,2";"90,2";"90";"90,3";"0";"90,25";"90,25"
"Percentual da População Atendida com Esgoto (%)";"Sanclerlândia";"-";"-";"12,1";"73,60";"75,2";"76,4";"77";"77,4";"100";"77,63";"78,38"
"Percentual da População Atendida com Esgoto (%)";"Santa Bárbara de Goiás";"-";"-";"-";"-";" -   ";" -   ";" -   ";"0";"99";"-";"0"
"Percentual da População Atendida com Esgoto (%)";"Santa Cruz de Goiás";"-";"-";"-";"-";" -   ";" -   ";" -   ";"0";"0";"-";"0"
"Percentual da População Atendida com Esgoto (%)";"Santa Fé de Goiás";"-";"-";"-";"-";" -   ";" -   ";" -   ";"0";"64";"-";"0"
"Percentual da População Atendida com Esgoto (%)";"Santa Helena de Goiás";"98,90";"100,0";"100,0";"100,00";"100";"100";"100";"100";"0";"100";"100"
"Percentual da População Atendida com Esgoto (%)";"Santa Isabel";"-";"-";"-";"-";" -   ";" -   ";" -   ";"0";"0";"-";"0"
"Percentual da População Atendida com Esgoto (%)";"Santa Rita do Araguaia";"-";"-";"-";"-";" -   ";" -   ";" -   ";"0";"0";"-";"0"
"Percentual da População Atendida com Esgoto (%)";"Santa Rita do Novo Destino";"[1]";"[1]";"[1]";"[1]";" [1] ";"[1]";"[1]";"[1]";"100";"[1]";"[1]"
"Percentual da População Atendida com Esgoto (%)";"Santa Rosa de Goiás";"-";"-";"-";"-";" -   ";" -   ";" -   ";"0";"0";"-";"0"
"Percentual da População Atendida com Esgoto (%)";"Santa Tereza de Goiás";"-";"-";"-";"-";" -   ";" -   ";" -   ";"0";"0";"-";"0"
"Percentual da População Atendida com Esgoto (%)";"Santa Terezinha de Goiás";"-";"-";"-";"-";" -   ";" -   ";" -   ";"0";"0";"-";"0"
"Percentual da População Atendida com Esgoto (%)";"Santo Antônio da Barra";"-";"-";"-";"-";" -   ";" -   ";" -   ";"0";"0";"-";"0"
"Percentual da População Atendida com Esgoto (%)";"Santo Antônio de Goiás";"-";"-";"-";"-";" -   ";" -   ";" -   ";"0";"87";"-";"0"
"Percentual da População Atendida com Esgoto (%)";"Santo Antônio do Descoberto";"52,80";"57,2";"59,3";"61,80";"62,1";"62,4";"63";"63,7";"0";"63,1";"63,85"
"Percentual da População Atendida com Esgoto (%)";"São Domingos";"-";"-";"-";"-";" -   ";"0,1";" -   ";"0";"79";"-";"0"
"Percentual da População Atendida com Esgoto (%)";"São Francisco de Goiás";"-";"-";"-";"-";" -   ";" -   ";" -   ";"0";"0";"-";"0"
"Percentual da População Atendida com Esgoto (%)";"São João d'Aliança";"-";"-";"-";"-";" -   ";" -   ";" -   ";"0";"0";"0";"0"
"Percentual da População Atendida com Esgoto (%)";"São João da Paraúna";"100,00";"100,0";"100,0";"100,00";"100";"100";"100";"100";"0";"100";"100"
"Percentual da População Atendida com Esgoto (%)";"São Luis de Montes Belos";"69,40";"73,1";"81,0";"83,70";"88,8";"95,9";"97";"99";"74";"99,31";"99,31"
"Percentual da População Atendida com Esgoto (%)";"São Luiz do Norte";"-";"-";"-";"-";" -   ";" -   ";" -   ";"0";"3";"-";"0"
"Percentual da População Atendida com Esgoto (%)";"São Miguel do Araguaia";"31,10";"31,5";"33,3";"33,70";"39,7";"46,5";"47";"47,8";"0";"65,78";"67,35"
"Percentual da População Atendida com Esgoto (%)";"São Miguel do Passa Quatro";"-";"-";"-";"-";" -   ";" -   ";" -   ";"0";"53";"-";"0"
"Percentual da População Atendida com Esgoto (%)";"São Patrício";"-";"-";"-";"-";" -   ";" -   ";" -   ";"0";"0";"-";"0"
"Percentual da População Atendida com Esgoto (%)";"São Simão";"[1]";"[1]";"[1]";"[1]";" [1] ";"[1]";"[1]";"[1]";"0";"[1]";"[1]"
"Percentual da População Atendida com Esgoto (%)";"Senador Canedo";"[1]";"[1]";"[1]";"[1]";" [1] ";"[1]";"[1]";"[1]";"100";"[1]";"[1]"
"Percentual da População Atendida com Esgoto (%)";"Serranópolis";"-";"-";"-";"-";" -   ";" -   ";" -   ";"0";"0";"-";"0"
"Percentual da População Atendida com Esgoto (%)";"Silvânia";"93,20";"95,4";"99,6";"100,00";"100";"100";"100";"100";"0";"100";"100"
"Percentual da População Atendida com Esgoto (%)";"Simolândia";"-";"-";"-";"-";" -   ";" -   ";" -   ";"0";"0";"-";"0"
"Percentual da População Atendida com Esgoto (%)";"Sítio d'Abadia";"...";"-";"-";"-";" -   ";" -   ";" -   ";"0";"0";"-";"0"
"Percentual da População Atendida com Esgoto (%)";"Taquaral de Goiás";"-";"-";"-";"-";" -   ";" -   ";" -   ";"0";"87";"-";"0"
"Percentual da População Atendida com Esgoto (%)";"Teresina de Goiás";"-";"0,1";"0,1";"-";" -   ";" -   ";" -   ";"0";"0";"-";"0"
"Percentual da População Atendida com Esgoto (%)";"Terezópolis de Goiás";"-";"84,1";"86,6";"87,40";"89,2";"88,3";"88";"87,1";"79";"88,08";"89,94"
"Percentual da População Atendida com Esgoto (%)";"Três Ranchos";"-";"-";"-";"-";" -   ";" -   ";" -   ";"0";"0";"-";"0"
"Percentual da População Atendida com Esgoto (%)";"Trindade";"43,70";"44,0";"52,5";"61,90";"65,7";"68,4";"69";"74,5";"0";"99,84";"100"
"Percentual da População Atendida com Esgoto (%)";"Trombas";"[2]";"[2]";"[1]";"[1]";" [1] ";"[1]";"[1]";"[1]";"0";"[1]";"[1]"
"Percentual da População Atendida com Esgoto (%)";"Turvânia";"-";"-";"-";"-";" -   ";" -   ";" -   ";"0";"74";"-";"0"
"Percentual da População Atendida com Esgoto (%)";"Turvelândia";"-";"-";"-";"-";" -   ";" -   ";" -   ";"0";"3";"-";"0"
"Percentual da População Atendida com Esgoto (%)";"Uirapuru";"-";"-";"-";"-";" -   ";" -   ";" -   ";"0";"0";"-";"0"
"Percentual da População Atendida com Esgoto (%)";"Uruaçu";"50,30";"57,1";"60,7";"62,70";"67,6";"71,5";"72";"71,8";"53";"74,41";"75,75"
"Percentual da População Atendida com Esgoto (%)";"Uruana";"3,30";"3,2";"3,2";"3,20";"3,2";"3,2";"3";"3";"0";"15,24";"15,14"
"Percentual da População Atendida com Esgoto (%)";"Urutaí";"-";"-";"-";"-";" -   ";" -   ";" -   ";"0";"72";"-";"0"
"Percentual da População Atendida com Esgoto (%)";"Valparaíso de Goiás";"39,50";"41,1";"44,5";"45,50";"48,9";"48,5";"51";"52,4";"0";"54,65";"54,24"
"Percentual da População Atendida com Esgoto (%)";"Varjão";"-";"-";"-";"-";" -   ";"0,1";" -   ";"0";"0";"-";"0"
"Percentual da População Atendida com Esgoto (%)";"Vianópolis";"-";"-";"-";"-";" -   ";" -   ";" -   ";"0";"72";"71,29";"75,38"
"Percentual da População Atendida com Esgoto (%)";"Vicentinópolis";"[2]";"[2]";"[1]";"[1]";" [1] ";"[1]";"[1]";"[1]";"0";"[1]";"[1]"
"Percentual da População Atendida com Esgoto (%)";"Vila Boa";"-";"-";"-";"-";" -   ";" -   ";" -   ";"0";"[1]";"-";"0"
"Percentual da População Atendida com Esgoto (%)";"Vila Propício";"-";"-";"-";"-";" -   ";" -   ";" -   ";"0";"0";"-";"0"
